{"cameraMode":{"drawMode":0,"name":"Shaded","section":"Shading Mode"},"sceneLighting":false,"audioPlay":false,"sceneViewState":{"showFog":true,"showMaterialUpdate":false,"showSkybox":true,"showFlares":true,"showImageEffects":true,"showParticleSystems":true},"in2DMode":false,"pivot":{"x":0.4616520404815674,"y":2.0852842330932619,"z":-4.761845111846924},"rotation":{"x":-0.6864960789680481,"y":-0.016355397179722787,"z":0.015448763966560364,"w":-0.72678542137146},"size":2.8578836917877199,"orthographic":false}